[1,["f8sHRQefZKnI3Zb3KyEhru@f9941","5fMrO+RsVNFJ65C+EANIr0","8eH87i3XpCSpkV08iSi3WC@f9941","f6g5ohCExJyJ9u9NVvt1E3@f9941","9by0UqgGxPe6CQQqdDQXqh@f9941","fbTKIbE1BPsJd11DxvZix+","3blO18MCBMm6TDXpJ7s5Cd","8eH87i3XpCSpkV08iSi3WC@6c48a","f6g5ohCExJyJ9u9NVvt1E3@6c48a","f8sHRQefZKnI3Zb3KyEhru@6c48a"],["node","_spriteFrame","_font","_normalSprite","_parent","_textureSource","_clip","_cameraComponent","btnSound","bgMusic","scene"],[["cc.Node",["_name","_layer","_id","_active","_components","_parent","_lpos","_children"],-1,9,1,5,2],"cc.SpriteFrame",["cc.Widget",["_alignFlags","_top","_bottom","_left","node"],-1,1],["cc.Label",["_string","_actualFontSize","_isSystemFontUsed","_fontSize","_isBold","node","_font","_color"],-2,1,6,5],["cc.UITransform",["node","_contentSize"],3,1,5],["cc.ClickEvent",["_componentId","handler","customEventData","target"],0,1],["cc.SceneAsset",["_name"],2],["cc.Node",["_name","_layer","_parent","_components"],1,1,12],["cc.Node",["_name","_parent","_components","_lpos"],2,1,2,5],["cc.Canvas",["node","_cameraComponent"],3,1,1],["3442eIkRUFOErQQ4H4k1kLj",["node","bgMusic","btnSound"],3,1,1,1],["cc.Sprite",["_sizeMode","node","_spriteFrame"],2,1,6],["cc.Button",["_transition","node","clickEvents","_normalSprite"],2,1,9,6],["cc.Scene",["_name","_children","_globals"],2,12,4],["cc.SceneGlobals",["ambient","shadows","_skybox","fog","octree","lightProbeInfo"],3,4,4,4,4,4,4],["cc.AmbientInfo",["_skyColorHDR","_groundAlbedoHDR"],3,5,5],["cc.ShadowsInfo",["_shadowColor","_size"],3,5,5],["cc.SkyboxInfo",[],3],["cc.FogInfo",[],3],["cc.OctreeInfo",[],3],["cc.LightProbeInfo",[],3],["cc.Camera",["_projection","_orthoHeight","_near","_visibility","node","_color"],-1,1,5],["cc.AudioSource",["_playOnAwake","node"],2,1],["cc.TTFFont",["_name","_native"],1]],[[4,0,1,1],[11,0,1,2,2],[0,0,1,5,4,3],[12,0,1,2,3,2],[5,0,1,2,3,4],[0,0,1,5,7,4,6,3],[4,0,1],[3,0,1,2,4,5,7,6,5],[0,0,3,1,5,7,4,6,4],[3,0,1,2,5,6,4],[0,0,1,5,7,4,3],[7,0,1,2,3,3],[22,0,1,2],[6,0,2],[0,0,1,2,7,4,6,4],[0,0,2,4,3],[0,0,1,4,6,3],[0,0,3,2,5,4],[0,0,1,5,4,6,3],[8,0,1,2,3,2],[9,0,1,1],[2,0,1,2,4,4],[2,0,3,1,2,4,5],[2,0,3,1,4,4],[10,0,1,2,1],[5,0,1,3,3],[13,0,1,2,2],[14,0,1,2,3,4,5,1],[15,0,1,1],[16,0,1,1],[17,1],[18,1],[19,1],[20,1],[3,0,1,3,2,5,7,6,5],[21,0,1,2,3,4,5,5],[23,0,1,3]],[[[[13,"Level"],[14,"Canvas",33554432,"beI88Z2HpFELqR4T5EMHpg",[-5,-6,-7,-8,-9,-10],[[0,-1,[5,600,960]],[20,-3,-2],[21,45,5.684341886080802e-14,5.684341886080802e-14,-4]],[1,300,480.00000000000006,0]],[15,"LevelController","b6nsvq2ZlNnoa96mWvLfFh",[[24,-13,-12,-11]]],[5,"Levels",33554432,1,[-16,-17,-18,-19,-20,-21,-22],[[0,-14,[5,100,130]],[22,17,184.50900000000001,300,550.249,-15]],[1,0,115,0]],[16,"Back",33554432,[[6,-23],[1,0,-24,2],[3,1,-25,[[25,"3442eIkRUFOErQQ4H4k1kLj","onBackBtnClick",2]],3],[23,9,-220,-412,-26]],[1,-220,412,0]],[5,"Level3",33554432,3,[-30],[[0,-27,[5,300,100]],[1,0,-28,5],[3,1,-29,[[4,"3442eIkRUFOErQQ4H4k1kLj","onLevelClick","0",2]],6]],[1,0,15,0]],[5,"Level4",33554432,3,[-34],[[0,-31,[5,300,100]],[1,0,-32,8],[3,1,-33,[[4,"3442eIkRUFOErQQ4H4k1kLj","onLevelClick","1",2]],9]],[1,0,-85,0]],[5,"Level5",33554432,3,[-38],[[0,-35,[5,300,100]],[1,0,-36,11],[3,1,-37,[[4,"3442eIkRUFOErQQ4H4k1kLj","onLevelClick","2",2]],12]],[1,0,-185,0]],[5,"Level6",33554432,3,[-42],[[0,-39,[5,300,100]],[1,0,-40,14],[3,1,-41,[[4,"3442eIkRUFOErQQ4H4k1kLj","onLevelClick","3",2]],15]],[1,0,-285,0]],[8,"Level7",false,33554432,3,[-46],[[0,-43,[5,300,100]],[1,0,-44,17],[3,1,-45,[[4,"3442eIkRUFOErQQ4H4k1kLj","onLevelClick","4",2]],18]],[1,100,-385,0]],[8,"Level8",false,33554432,3,[-50],[[0,-47,[5,300,100]],[1,0,-48,20],[3,1,-49,[[4,"3442eIkRUFOErQQ4H4k1kLj","onLevelClick","5",2]],21]],[1,100,-385,0]],[8,"Level9",false,33554432,3,[-54],[[0,-51,[5,300,100]],[1,0,-52,23],[3,1,-53,[[4,"3442eIkRUFOErQQ4H4k1kLj","onLevelClick","6",2]],24]],[1,100,-385,0]],[26,"Level",[[1,[17,"----Controller----",false,"2fOQvG2mBA9J1VT3S+XRSY",-55],2],1,4,1],[27,[28,[2,0,0,0,0.520833125],[2,0,0,0,0]],[29,[4,4283190348],[0,512,512]],[30],[31],[32],[33]]],[10,"SoundContainer",33554432,1,[-57,-58],[[6,-56]]],[2,"Background",33554432,1,[[0,-59,[5,600,960]],[1,0,-60,0]]],[18,"Name",33554432,1,[[0,-61,[5,160.02,50.4]],[34,"Levels",60,60,false,-62,[4,4278190080],1]],[1,0,410.899,0]],[10,"GoBackBtn",33554432,1,[4],[[6,-63]]],[11,"BackgroundSound",33554432,13,[[[6,-64],-65],4,1]],[11,"ButtonSound",33554432,13,[[[6,-66],-67],4,1]],[2,"Label",33554432,5,[[0,-68,[5,66.36,50.4]],[7,"3x3",40,false,true,-69,[4,4278190080],4]]],[2,"Label",33554432,6,[[0,-70,[5,66.36,50.4]],[7,"4x4",40,false,true,-71,[4,4278190080],7]]],[2,"Label",33554432,7,[[0,-72,[5,66.36,50.4]],[7,"5x5",40,false,true,-73,[4,4278190080],10]]],[2,"Label",33554432,8,[[0,-74,[5,66.36,50.4]],[7,"6x6",40,false,true,-75,[4,4278190080],13]]],[2,"Label",33554432,9,[[0,-76,[5,64.2,50.4]],[9,"7x7",40,false,-77,16]]],[2,"Label",33554432,10,[[0,-78,[5,66.36,50.4]],[9,"8x8",40,false,-79,19]]],[2,"Label",33554432,11,[[0,-80,[5,66.36,50.4]],[9,"9x9",40,false,-81,22]]],[19,"Camera",1,[-82],[1,0,0,1000]],[35,0,480,0,1108344832,26,[4,4278190080]],[12,false,17],[12,false,18]],0,[0,0,1,0,7,27,0,0,1,0,0,1,0,-1,26,0,-2,14,0,-3,15,0,-4,16,0,-5,3,0,-6,13,0,8,29,0,9,28,0,0,2,0,0,3,0,0,3,0,-1,5,0,-2,6,0,-3,7,0,-4,8,0,-5,9,0,-6,10,0,-7,11,0,0,4,0,0,4,0,0,4,0,0,4,0,0,5,0,0,5,0,0,5,0,-1,19,0,0,6,0,0,6,0,0,6,0,-1,20,0,0,7,0,0,7,0,0,7,0,-1,21,0,0,8,0,0,8,0,0,8,0,-1,22,0,0,9,0,0,9,0,0,9,0,-1,23,0,0,10,0,0,10,0,0,10,0,-1,24,0,0,11,0,0,11,0,0,11,0,-1,25,0,4,12,0,0,13,0,-1,17,0,-2,18,0,0,14,0,0,14,0,0,15,0,0,15,0,0,16,0,0,17,0,-2,28,0,0,18,0,-2,29,0,0,19,0,0,19,0,0,20,0,0,20,0,0,21,0,0,21,0,0,22,0,0,22,0,0,23,0,0,23,0,0,24,0,0,24,0,0,25,0,0,25,0,-1,27,0,10,12,1,4,12,2,4,12,4,4,16,82],[0,0,0,0,0,0,0,0,0,0,0,0,0,0,0,0,0,0,0,0,0,0,0,0,0,29,28],[1,2,1,3,2,1,3,2,1,3,2,1,3,2,1,3,2,1,3,2,1,3,2,1,3,6,6],[4,1,3,3,1,0,0,1,0,0,1,0,0,1,0,0,1,0,2,1,0,2,1,0,2,5,6]],[[[36,"PTSans-Bold","PTSans-Bold.ttf"],-1],0,0,[],[],[]],[[{"name":"level","rect":{"x":44,"y":45,"width":683,"height":248},"offset":{"x":8,"y":-4},"originalSize":{"width":755,"height":330},"rotated":false,"capInsets":[163,67,167,84],"vertices":{"rawPosition":[-341.5,-124,0,341.5,-124,0,-341.5,124,0,341.5,124,0],"indexes":[0,1,2,2,1,3],"uv":[44,285,727,285,44,37,727,37],"nuv":[0.05827814569536424,0.11212121212121212,0.9629139072847682,0.11212121212121212,0.05827814569536424,0.8636363636363636,0.9629139072847682,0.8636363636363636],"minPos":{"x":-341.5,"y":-124,"z":0},"maxPos":{"x":341.5,"y":124,"z":0}},"packable":true,"pixelsToUnit":100,"pivot":{"x":0.5,"y":0.5},"meshType":0}],[1],0,[0],[5],[7]],[[{"name":"back","rect":{"x":15,"y":22,"width":154,"height":152},"offset":{"x":-2,"y":-5},"originalSize":{"width":188,"height":186},"rotated":false,"capInsets":[0,0,0,0],"vertices":{"rawPosition":[-77,-76,0,77,-76,0,-77,76,0,77,76,0],"indexes":[0,1,2,2,1,3],"uv":[15,164,169,164,15,12,169,12],"nuv":[0.0797872340425532,0.06451612903225806,0.898936170212766,0.06451612903225806,0.0797872340425532,0.8817204301075269,0.898936170212766,0.8817204301075269],"minPos":{"x":-77,"y":-76,"z":0},"maxPos":{"x":77,"y":76,"z":0}},"packable":true,"pixelsToUnit":100,"pivot":{"x":0.5,"y":0.5},"meshType":0}],[1],0,[0],[5],[8]],[[{"name":"cell","rect":{"x":13,"y":6,"width":152,"height":152},"offset":{"x":-3,"y":1},"originalSize":{"width":184,"height":166},"rotated":false,"capInsets":[12,28,12,37],"vertices":{"rawPosition":[-76,-76,0,76,-76,0,-76,76,0,76,76,0],"indexes":[0,1,2,2,1,3],"uv":[13,160,165,160,13,8,165,8],"nuv":[0.07065217391304347,0.04819277108433735,0.8967391304347826,0.04819277108433735,0.07065217391304347,0.963855421686747,0.8967391304347826,0.963855421686747],"minPos":{"x":-76,"y":-76,"z":0},"maxPos":{"x":76,"y":76,"z":0}},"packable":true,"pixelsToUnit":100,"pivot":{"x":0.5,"y":0.5},"meshType":0}],[1],0,[0],[5],[9]]]]
