[1,["d0OFvRa0JM4IE6G4wSBB2O","d2eiqedohHsoMERMgeaxmK@f9941","06sk4xUyhOl7D7316aWEaI@f9941","32Eks2BDRC7YnqR9yINPZ6","06sk4xUyhOl7D7316aWEaI@6c48a","9by0UqgGxPe6CQQqdDQXqh@f9941","d9OOgZFKNNYYvYKevQZIun@f9941","7aMBfq1XVB6aEKK5fDhm1M@f9941","fbTKIbE1BPsJd11DxvZix+","3blO18MCBMm6TDXpJ7s5Cd","7aMBfq1XVB6aEKK5fDhm1M@6c48a","9by0UqgGxPe6CQQqdDQXqh@6c48a","d2eiqedohHsoMERMgeaxmK@6c48a","d9OOgZFKNNYYvYKevQZIun@6c48a"],["node","_textureSource","_parent","_spriteFrame","_defaultClip","_normalSprite","_clip","_cameraComponent","target","btnSound","bgMusic","unMuteBtn","muteBtn","scene"],[["cc.Node",["_name","_layer","_id","_active","_components","_lpos","_parent","_children"],-1,9,5,1,12],"cc.SpriteFrame",["cc.Widget",["_alignFlags","_right","_top","_bottom","_left","node"],-2,1],["cc.UITransform",["node","_contentSize"],3,1,5],["cc.Button",["_transition","node","clickEvents","_normalSprite"],2,1,9,6],["cc.AudioSource",["_playOnAwake","_loop","node"],1,1],["cc.SceneAsset",["_name"],2],["cc.Node",["_name","_layer","_parent","_children","_components"],1,1,2,9],["cc.Node",["_name","_layer","_parent","_components"],1,1,12],["cc.Node",["_name","_parent","_components","_lpos"],2,1,2,5],["cc.Canvas",["node","_cameraComponent"],3,1,1],["cc.Sprite",["_sizeMode","node","_spriteFrame"],2,1,6],["cc.ClickEvent",["_componentId","handler","target"],1,1],["cc.Animation",["playOnLoad","node","_clips","_defaultClip"],2,1,3,6],["e8a09SbZ1NBJrb2Ia8o/lh4",["node","muteBtn","unMuteBtn","bgMusic","btnSound"],3,1,1,1,1,1],["cc.Scene",["_name","_children","_globals"],2,2,4],["cc.SceneGlobals",["ambient","shadows","_skybox","fog","octree","lightProbeInfo"],3,4,4,4,4,4,4],["cc.AmbientInfo",["_skyColorHDR","_groundAlbedoHDR"],3,5,5],["cc.ShadowsInfo",["_shadowColor","_size"],3,5,5],["cc.SkyboxInfo",[],3],["cc.FogInfo",[],3],["cc.OctreeInfo",[],3],["cc.LightProbeInfo",[],3],["cc.Camera",["_projection","_orthoHeight","_near","_visibility","node","_color"],-1,1,5],["cc.AudioClip",["_name","_native","_duration"],0]],[[3,0,1],[11,0,1,2,2],[3,0,1,1],[12,0,1,2,3],[0,0,1,6,4,5,3],[7,0,1,2,3,4,3],[8,0,1,2,3,3],[2,0,1,2,5,4],[4,0,1,2,3,2],[13,0,1,2,3,2],[24,0,1,2,4],[6,0,2],[0,0,1,2,7,4,5,4],[0,0,3,6,5,3],[0,0,1,2,4,5,4],[0,0,1,4,5,3],[0,0,3,1,4,5,4],[0,0,1,6,4,3],[9,0,1,2,3,2],[10,0,1,1],[2,0,4,1,2,3,5,6],[2,0,3,5,3],[4,0,1,2,2],[14,0,1,2,3,4,1],[15,0,1,2,2],[16,0,1,2,3,4,5,1],[17,0,1,1],[18,0,1,1],[19,1],[20,1],[21,1],[22,1],[23,0,1,2,3,4,5,5],[5,1,0,2,3],[5,0,2,2]],[[[{"name":"sound","rect":{"x":21,"y":21,"width":152,"height":153},"offset":{"x":1,"y":-4.5},"originalSize":{"width":192,"height":186},"rotated":false,"capInsets":[0,0,0,0],"vertices":{"rawPosition":[-76,-76.5,0,76,-76.5,0,-76,76.5,0,76,76.5,0],"indexes":[0,1,2,2,1,3],"uv":[21,165,173,165,21,12,173,12],"nuv":[0.109375,0.06451612903225806,0.9010416666666666,0.06451612903225806,0.109375,0.8870967741935484,0.9010416666666666,0.8870967741935484],"minPos":{"x":-76,"y":-76.5,"z":0},"maxPos":{"x":76,"y":76.5,"z":0}},"packable":true,"pixelsToUnit":100,"pivot":{"x":0.5,"y":0.5},"meshType":0}],[1],0,[0],[1],[4]],[[[11,"Entry"],[12,"Canvas",33554432,"beI88Z2HpFELqR4T5EMHpg",[[[13,"-----UI---------",false,-5,[1,-320.00000000000006,-480.00000000000006,0]],-6,-7,-8,-9,-10,-11],4,1,1,1,1,1,1],[[2,-1,[5,600,960]],[19,-3,-2],[20,45,5.684341886080802e-14,5.684341886080802e-14,5.684341886080802e-14,5.684341886080802e-14,-4]],[1,300.00000000000006,480.00000000000006,0]],[4,"PlayBtn",33554432,1,[[2,-12,[5,250,100]],[1,0,-13,4],[8,1,-15,[[3,"e8a09SbZ1NBJrb2Ia8o/lh4","onPlayBtnClick",-14]],8],[21,20,136.159,-16],[9,true,-17,[9,10],11]],[1,0,-293.841,0]],[14,"@MenuController",33554432,"e8IxHXij5GYYN8ybNs5Ywv",[[0,-18],[23,-23,-22,-21,-20,-19]],[1,320.00000000000006,480.00000000000006,0]],[15,"Mute",33554432,[[0,-24],[1,0,-25,6],[7,33,-231.78500000000003,-412.79,-26],[8,1,-27,[[3,"e8a09SbZ1NBJrb2Ia8o/lh4","onMuteBtnClick",3]],7]],[1,231.78500000000003,412.79,0]],[16,"Unmute",false,33554432,[[0,-28],[1,0,-29,5],[7,33,-231.785,-412.79,-30],[22,1,-31,[[3,"e8a09SbZ1NBJrb2Ia8o/lh4","onUnMuteBtnClick",3]]]],[1,231.785,412.79,0]],[4,"Logo",33554432,1,[[2,-32,[5,511.945,380.553]],[1,0,-33,1],[9,true,-34,[2],3]],[1,5.811,170.737,0]],[5,"SoundSettings",33554432,1,[4,5],[[0,-35]]],[5,"SoundContainer",33554432,1,[-37,-38],[[0,-36]]],[24,"Entry",[1,3],[25,[26,[2,0,0,0,0.520833125],[2,0,0,0,0]],[27,[4,4283190348],[0,512,512]],[28],[29],[30],[31]]],[17,"Background",33554432,1,[[2,-39,[5,600,960]],[1,0,-40,0]]],[6,"BackgroundSound",33554432,8,[[[0,-41],-42],4,1]],[6,"ButtonSound",33554432,8,[[[0,-43],-44],4,1]],[18,"Camera",1,[-45],[1,0,0,1000]],[32,0,480,0,1108344832,13,[4,4278190080]],[33,true,false,11],[34,false,12]],0,[0,0,1,0,7,14,0,0,1,0,0,1,0,2,1,0,-2,10,0,-3,6,0,-4,13,0,-5,2,0,-6,7,0,-7,8,0,0,2,0,0,2,0,8,3,0,0,2,0,0,2,0,0,2,0,0,3,0,9,16,0,10,15,0,11,5,0,12,4,0,0,3,0,0,4,0,0,4,0,0,4,0,0,4,0,0,5,0,0,5,0,0,5,0,0,5,0,0,6,0,0,6,0,0,6,0,0,7,0,0,8,0,-1,11,0,-2,12,0,0,10,0,0,10,0,0,11,0,-2,15,0,0,12,0,-2,16,0,-1,14,0,13,9,1,2,9,3,2,9,4,2,7,5,2,7,45],[0,0,0,0,0,0,0,0,0,0,0,0,16,15],[3,3,-1,4,3,3,3,5,5,-1,-2,4,6,6],[5,6,0,0,1,7,2,2,1,3,0,3,8,9]],[[[10,"bgSound",".m4a",8.544943],-1],0,0,[],[],[]],[[{"name":"mute","rect":{"x":18,"y":24,"width":153,"height":152},"offset":{"x":-2.5,"y":-4},"originalSize":{"width":194,"height":192},"rotated":false,"capInsets":[0,0,0,0],"vertices":{"rawPosition":[-76.5,-76,0,76.5,-76,0,-76.5,76,0,76.5,76,0],"indexes":[0,1,2,2,1,3],"uv":[18,168,171,168,18,16,171,16],"nuv":[0.09278350515463918,0.08333333333333333,0.8814432989690721,0.08333333333333333,0.09278350515463918,0.875,0.8814432989690721,0.875],"minPos":{"x":-76.5,"y":-76,"z":0},"maxPos":{"x":76.5,"y":76,"z":0}},"packable":true,"pixelsToUnit":100,"pivot":{"x":0.5,"y":0.5},"meshType":0}],[1],0,[0],[1],[10]],[[{"name":"47074 (1) (1)","rect":{"x":0,"y":0,"width":1200,"height":1200},"offset":{"x":0,"y":0},"originalSize":{"width":1200,"height":1200},"rotated":false,"capInsets":[0,0,0,0],"vertices":{"rawPosition":[-600,-600,0,600,-600,0,-600,600,0,600,600,0],"indexes":[0,1,2,2,1,3],"uv":[0,1200,1200,1200,0,0,1200,0],"nuv":[0,0,1,0,0,1,1,1],"minPos":{"x":-600,"y":-600,"z":0},"maxPos":{"x":600,"y":600,"z":0}},"packable":true,"pixelsToUnit":100,"pivot":{"x":0.5,"y":0.5},"meshType":0}],[1],0,[0],[1],[11]],[[{"name":"playWoodBtn","rect":{"x":20,"y":19,"width":233,"height":94},"offset":{"x":-2.5,"y":-2},"originalSize":{"width":278,"height":128},"rotated":false,"capInsets":[42,15,39,18],"vertices":{"rawPosition":[-116.5,-47,0,116.5,-47,0,-116.5,47,0,116.5,47,0],"indexes":[0,1,2,2,1,3],"uv":[20,109,253,109,20,15,253,15],"nuv":[0.07194244604316546,0.1171875,0.9100719424460432,0.1171875,0.07194244604316546,0.8515625,0.9100719424460432,0.8515625],"minPos":{"x":-116.5,"y":-47,"z":0},"maxPos":{"x":116.5,"y":47,"z":0}},"packable":true,"pixelsToUnit":100,"pivot":{"x":0.5,"y":0.5},"meshType":0}],[1],0,[0],[1],[12]],[[{"name":"menuBg","rect":{"x":26,"y":7,"width":546,"height":384},"offset":{"x":0.5,"y":10},"originalSize":{"width":597,"height":418},"rotated":false,"capInsets":[35,48,43,107],"vertices":{"rawPosition":[-273,-192,0,273,-192,0,-273,192,0,273,192,0],"indexes":[0,1,2,2,1,3],"uv":[26,411,572,411,26,27,572,27],"nuv":[0.04355108877721943,0.0645933014354067,0.9581239530988275,0.0645933014354067,0.04355108877721943,0.9832535885167464,0.9581239530988275,0.9832535885167464],"minPos":{"x":-273,"y":-192,"z":0},"maxPos":{"x":273,"y":192,"z":0}},"packable":true,"pixelsToUnit":100,"pivot":{"x":0.5,"y":0.5},"meshType":0}],[1],0,[0],[1],[13]],[[[10,"button-click",".mp3",0.078367],-1],0,0,[],[],[]]]]
