[1,["5fMrO+RsVNFJ65C+EANIr0","a5opi95TtBl5bam+sAfjy0@f9941","1e4at3eeZI+752iUaUYjX2@f9941","0bpUlDr+VAwrQCpVIpeofe@f9941","8e3NweLJNKe6DYwsZfUaiJ@f9941","06sk4xUyhOl7D7316aWEaI@f9941","75um9FTr9Jqblm6C27jRG6@f9941","0bpUlDr+VAwrQCpVIpeofe@6c48a","1e4at3eeZI+752iUaUYjX2@6c48a","20g1ukYUVPvKWKBRznAKo+@6c48a","42rBqge9BLMbkjNR5fR23I@6c48a","47tAOUwQZAwZso82KXgCKx@6c48a","54TknWPwVPqJqeCR+Y/Czo@6c48a","5aGsl0SCVMaqQ++I/DVTvM@6c48a","75um9FTr9Jqblm6C27jRG6@6c48a","7f9W1g0J5CIaHYwF1crdUD@6c48a","8e3NweLJNKe6DYwsZfUaiJ@6c48a","95EkngnxZFbYuFpsqVTaFr@6c48a","a5opi95TtBl5bam+sAfjy0@6c48a","9by0UqgGxPe6CQQqdDQXqh@f9941","7aMBfq1XVB6aEKK5fDhm1M@f9941","42rBqge9BLMbkjNR5fR23I@f9941","7f9W1g0J5CIaHYwF1crdUD@f9941","5aGsl0SCVMaqQ++I/DVTvM@f9941","47tAOUwQZAwZso82KXgCKx@f9941","abjj+y8nhKJ5lOdEukXwGa","fbTKIbE1BPsJd11DxvZix+","ecRczJvZpFK7KlRh3Vfo4Z","bfeHRvJ8VILZlO/XnBZyzh","97F7xi8TtDhZ8KCJ7uds+Q","20g1ukYUVPvKWKBRznAKo+@f9941","54TknWPwVPqJqeCR+Y/Czo@f9941","95EkngnxZFbYuFpsqVTaFr@f9941","74peHbyERIHLUAlI4JV4+1"],["node","_spriteFrame","_textureSource","_parent","_normalSprite","_font","_clip","root","data","label","_cameraComponent","camera","gameModel","board","gameView","_target","scene","cheatBtn","clockBtn","unMuteInteractBtn","muteInteractBtn","chooseLevelBtn","restartBtn","winLabel","loseSound","winSound","btnSound","swipeSound","TimerLabel","cellPrefab","_hoverSprite","_pressedSprite","_disabledSprite","AddCell"],["cc.SpriteFrame",["cc.Node",["_name","_layer","_id","_active","_objFlags","_components","_parent","_children","_prefab","_lpos"],-2,9,1,2,4,5],["cc.Widget",["_alignFlags","_bottom","_top","_originalHeight","_right","_left","_originalWidth","_verticalCenter","node","__prefab"],-5,1,4],["cc.Sprite",["_sizeMode","_type","node","_spriteFrame","__prefab","_color"],1,1,6,4,5],["cc.Node",["_name","_layer","_objFlags","_active","_components","_parent","_lpos","_prefab","_children"],-1,12,1,5,4,2],["cc.Label",["_string","_actualFontSize","_isSystemFontUsed","_fontSize","_overflow","_enableWrapText","_isBold","node","_color","__prefab","_font"],-4,1,5,4,6],["cc.UITransform",["node","__prefab","_contentSize"],3,1,4,5],["cc.Button",["_transition","node","clickEvents","_target","_normalSprite","_normalColor"],2,1,9,1,6,5],["cc.Node",["_name","_id","_parent","_components","_lpos"],1,1,2,5],["cc.Prefab",["_name"],2],["cc.CompPrefabInfo",["fileId"],2],["cc.PrefabInfo",["fileId","instance","targetOverrides","nestedPrefabInstanceRoots","root","asset"],-1,1,1],["cc.PrefabInfo",["root","asset","fileId","instance","targetOverrides","nestedPrefabInstanceRoots"],-3],["cc.AudioClip",["_name","_native","_duration"],0],["0223cPIdP1N5ayeUj7piSdD",["node","__prefab","label"],3,1,4,1],["cc.SceneAsset",["_name"],2],["cc.Canvas",["node","_cameraComponent"],3,1,1],["1e36cAXN8FD16/gAkKyIGpX",["node","gameView","board","gameModel","camera"],3,1,1,1,1,1],["cc.Scene",["_name","_children","_prefab","_globals"],2,12,4,4],["cc.SceneGlobals",["ambient","shadows","_skybox","fog","octree","lightProbeInfo"],3,4,4,4,4,4,4],["cc.AmbientInfo",["_skyColorHDR","_groundAlbedoHDR"],3,5,5],["cc.ShadowsInfo",["_shadowColor","_size"],3,5,5],["cc.SkyboxInfo",[],3],["cc.FogInfo",[],3],["cc.OctreeInfo",[],3],["cc.LightProbeInfo",[],3],["cc.ClickEvent",["_componentId","handler","target"],1,1],["cc.UIOpacity",["_opacity","node"],2,1],["cc.Camera",["_projection","_orthoHeight","_near","_visibility","_color"],-1,5],["6a17cRIkghBxrUbj7X/p2mg",["GridContainer","MuteBtn","UnMuteBtn","winBoard","loseBoard","buttonBoard","bgBlur","homeBtn"],3,1,1,1,1,1,1,1,1],["cc.AudioSource",["_playOnAwake","node"],2,1],["f4b6dKex4xA2KVlxi9OLUoF",[],3]],[[6,0,2,1],[6,0,1],[10,0,2],[3,0,2,3,2],[26,0,1,2,3],[4,0,1,5,4,6,3],[7,0,1,2,2],[1,0,1,6,5,9,3],[4,0,1,5,4,3],[11,0,1,2,3,4,5,5],[2,0,4,2,8,4],[30,0,1,2],[1,0,1,6,7,5,3],[1,0,3,1,7,5,4],[6,0,1,1],[13,0,1,2,4],[2,0,4,1,8,4],[2,0,8,2],[9,0,2],[1,0,1,7,5,8,3],[1,0,1,6,5,3],[4,0,1,5,8,4,6,3],[8,0,1,2,3,3],[3,0,2,5,3,2],[2,0,5,1,8,4],[7,0,1,2,4,2],[1,0,1,6,5,8,3],[1,0,1,2,7,5,9,4],[1,0,2,5,3],[1,0,3,2,6,4],[1,0,3,1,6,5,4],[1,0,4,1,6,5,4],[4,0,2,1,5,4,7,4],[4,0,1,4,6,3],[4,0,3,1,4,6,4],[8,0,2,3,4,2],[6,0,1,2,1],[3,0,2,4,3,2],[3,1,0,2,4,3,3],[3,1,0,2,5,3,3],[3,2,3,1],[3,0,2,2],[12,0,1,2,3,4,5,7],[5,0,1,3,2,6,7,9,8,10,6],[5,0,1,4,5,2,7,9,8,6],[5,0,1,3,2,7,8,10,5],[5,0,1,3,4,5,7,8,6],[5,0,1,2,7,8,4],[5,0,1,3,2,7,8,5],[14,0,1,2,1],[2,0,6,3,8,9,4],[2,0,2,1,8,4],[2,0,5,2,1,3,8,6],[2,0,7,8,3],[15,0,2],[16,0,1,1],[17,0,1,2,3,4,1],[18,0,1,2,3,2],[19,0,1,2,3,4,5,1],[20,0,1,1],[21,0,1,1],[22,1],[23,1],[24,1],[25,1],[7,0,1,2,3,4,2],[7,0,1,2,5,3,2],[27,0,1,2],[28,0,1,2,3,4,5],[29,0,1,2,3,4,5,6,7,1],[31,1]],[[[{"name":"menu","rect":{"x":15,"y":22,"width":153,"height":152},"offset":{"x":-2.5,"y":-5},"originalSize":{"width":188,"height":186},"rotated":false,"capInsets":[0,0,0,0],"vertices":{"rawPosition":[-76.5,-76,0,76.5,-76,0,-76.5,76,0,76.5,76,0],"indexes":[0,1,2,2,1,3],"uv":[15,164,168,164,15,12,168,12],"nuv":[0.0797872340425532,0.06451612903225806,0.8936170212765957,0.06451612903225806,0.0797872340425532,0.8817204301075269,0.8936170212765957,0.8817204301075269],"minPos":{"x":-76.5,"y":-76,"z":0},"maxPos":{"x":76.5,"y":76,"z":0}},"packable":true,"pixelsToUnit":100,"pivot":{"x":0.5,"y":0.5},"meshType":0}],[0],0,[0],[2],[7]],[[{"name":"restart","rect":{"x":16,"y":20,"width":153,"height":152},"offset":{"x":-2.5,"y":-6},"originalSize":{"width":190,"height":180},"rotated":false,"capInsets":[0,0,0,0],"vertices":{"rawPosition":[-76.5,-76,0,76.5,-76,0,-76.5,76,0,76.5,76,0],"indexes":[0,1,2,2,1,3],"uv":[16,160,169,160,16,8,169,8],"nuv":[0.08421052631578947,0.044444444444444446,0.8894736842105263,0.044444444444444446,0.08421052631578947,0.8888888888888888,0.8894736842105263,0.8888888888888888],"minPos":{"x":-76.5,"y":-76,"z":0},"maxPos":{"x":76.5,"y":76,"z":0}},"packable":true,"pixelsToUnit":100,"pivot":{"x":0.5,"y":0.5},"meshType":0}],[0],0,[0],[2],[8]],[[{"name":"default_btn_normal","rect":{"x":0,"y":0,"width":40,"height":40},"offset":{"x":0,"y":0},"originalSize":{"width":40,"height":40},"rotated":false,"capInsets":[12,12,12,12],"vertices":{"rawPosition":[-20,-20,0,20,-20,0,-20,20,0,20,20,0],"indexes":[0,1,2,2,1,3],"uv":[0,40,40,40,0,0,40,0],"nuv":[0,0,1,0,0,1,1,1],"minPos":{"x":-20,"y":-20,"z":0},"maxPos":{"x":20,"y":20,"z":0}},"packable":true,"pixelsToUnit":100,"pivot":{"x":0.5,"y":0.5},"meshType":0}],[0],0,[0],[2],[9]],[[{"name":"failed_bg_2","rect":{"x":58,"y":182,"width":276,"height":272},"offset":{"x":8.5,"y":15},"originalSize":{"width":375,"height":666},"rotated":false,"capInsets":[0,0,0,0],"vertices":{"rawPosition":[-138,-136,0,138,-136,0,-138,136,0,138,136,0],"indexes":[0,1,2,2,1,3],"uv":[58,484,334,484,58,212,334,212],"nuv":[0.15466666666666667,0.3183183183183183,0.8906666666666667,0.3183183183183183,0.15466666666666667,0.7267267267267268,0.8906666666666667,0.7267267267267268],"minPos":{"x":-138,"y":-136,"z":0},"maxPos":{"x":138,"y":136,"z":0}},"packable":true,"pixelsToUnit":100,"pivot":{"x":0.5,"y":0.5},"meshType":0}],[0],0,[0],[2],[10]],[[{"name":"clock","rect":{"x":17,"y":18,"width":153,"height":153},"offset":{"x":-3.5,"y":-0.5},"originalSize":{"width":194,"height":188},"rotated":false,"capInsets":[0,0,0,0],"vertices":{"rawPosition":[-76.5,-76.5,0,76.5,-76.5,0,-76.5,76.5,0,76.5,76.5,0],"indexes":[0,1,2,2,1,3],"uv":[17,170,170,170,17,17,170,17],"nuv":[0.08762886597938144,0.09042553191489362,0.8762886597938144,0.09042553191489362,0.08762886597938144,0.9042553191489362,0.8762886597938144,0.9042553191489362],"minPos":{"x":-76.5,"y":-76.5,"z":0},"maxPos":{"x":76.5,"y":76.5,"z":0}},"packable":true,"pixelsToUnit":100,"pivot":{"x":0.5,"y":0.5},"meshType":0}],[0],0,[0],[2],[11]],[[{"name":"default_btn_pressed","rect":{"x":0,"y":0,"width":40,"height":40},"offset":{"x":0,"y":0},"originalSize":{"width":40,"height":40},"rotated":false,"capInsets":[12,12,12,12],"vertices":{"rawPosition":[-20,-20,0,20,-20,0,-20,20,0,20,20,0],"indexes":[0,1,2,2,1,3],"uv":[0,40,40,40,0,0,40,0],"nuv":[0,0,1,0,0,1,1,1],"minPos":{"x":-20,"y":-20,"z":0},"maxPos":{"x":20,"y":20,"z":0}},"packable":true,"pixelsToUnit":100,"pivot":{"x":0.5,"y":0.5},"meshType":0}],[0],0,[0],[2],[12]],[[{"name":"white","rect":{"x":0,"y":0,"width":350,"height":622},"offset":{"x":0,"y":0},"originalSize":{"width":350,"height":622},"rotated":false,"capInsets":[0,0,0,0],"vertices":{"rawPosition":[-175,-311,0,175,-311,0,-175,311,0,175,311,0],"indexes":[0,1,2,2,1,3],"uv":[0,622,350,622,0,0,350,0],"nuv":[0,0,1,0,0,1,1,1],"minPos":{"x":-175,"y":-311,"z":0},"maxPos":{"x":175,"y":311,"z":0}},"packable":true,"pixelsToUnit":100,"pivot":{"x":0.5,"y":0.5},"meshType":0}],[0],0,[0],[2],[13]],[[[18,"GridContainer"],[19,"GridContainer",33554432,[-4],[[14,-2,[2,"9fbGd4Z+9GR6ooHFTe7MDJ"]],[37,0,-3,[2,"e4EwIS2cZFfpx2SVOMWd79"],1]],[9,"01V7VJvh5CkIwGIsS30Gli",null,null,null,-1,0]],[26,"Label",33554432,1,[[36,-5,[2,"24LuhJ11VDTbM5Z/SzPH10"],[5,0,50.4]],[43,"",50,50,false,true,-6,[2,"0746LqOF9Bd5kUwYm4Y0BS"],[4,4278190080],0]],[9,"d4VgFMUthJFLHWW+7U64xT",null,null,null,1,0]]],0,[0,7,1,0,0,1,0,0,1,0,-1,2,0,0,2,0,0,2,0,8,1,6],[0,0],[5,1],[0,4]],[[{"name":"problem-solving","rect":{"x":11,"y":3,"width":490,"height":506},"offset":{"x":0,"y":0},"originalSize":{"width":512,"height":512},"rotated":false,"capInsets":[0,0,0,0],"vertices":{"rawPosition":[-245,-253,0,245,-253,0,-245,253,0,245,253,0],"indexes":[0,1,2,2,1,3],"uv":[11,509,501,509,11,3,501,3],"nuv":[0.021484375,0.005859375,0.978515625,0.005859375,0.021484375,0.994140625,0.978515625,0.994140625],"minPos":{"x":-245,"y":-253,"z":0},"maxPos":{"x":245,"y":253,"z":0}},"packable":true,"pixelsToUnit":100,"pivot":{"x":0.5,"y":0.5},"meshType":0}],[0],0,[0],[2],[14]],[[{"name":"winBoard__1","rect":{"x":59,"y":182,"width":275,"height":272},"offset":{"x":9,"y":15},"originalSize":{"width":375,"height":666},"rotated":false,"capInsets":[0,0,0,0],"vertices":{"rawPosition":[-137.5,-136,0,137.5,-136,0,-137.5,136,0,137.5,136,0],"indexes":[0,1,2,2,1,3],"uv":[59,484,334,484,59,212,334,212],"nuv":[0.15733333333333333,0.3183183183183183,0.8906666666666667,0.3183183183183183,0.15733333333333333,0.7267267267267268,0.8906666666666667,0.7267267267267268],"minPos":{"x":-137.5,"y":-136,"z":0},"maxPos":{"x":137.5,"y":136,"z":0}},"packable":true,"pixelsToUnit":100,"pivot":{"x":0.5,"y":0.5},"meshType":0}],[0],0,[0],[2],[15]],[[{"name":"img","rect":{"x":0,"y":0,"width":135,"height":138},"offset":{"x":0,"y":0},"originalSize":{"width":135,"height":138},"rotated":false,"capInsets":[0,0,0,0],"vertices":{"rawPosition":[-67.5,-69,0,67.5,-69,0,-67.5,69,0,67.5,69,0],"indexes":[0,1,2,2,1,3],"uv":[0,138,135,138,0,0,135,0],"nuv":[0,0,1,0,0,1,1,1],"minPos":{"x":-67.5,"y":-69,"z":0},"maxPos":{"x":67.5,"y":69,"z":0}},"packable":true,"pixelsToUnit":100,"pivot":{"x":0.5,"y":0.5},"meshType":0}],[0],0,[0],[2],[16]],[[{"name":"default_btn_disabled","rect":{"x":0,"y":0,"width":40,"height":40},"offset":{"x":0,"y":0},"originalSize":{"width":40,"height":40},"rotated":false,"capInsets":[12,12,12,12],"vertices":{"rawPosition":[-20,-20,0,20,-20,0,-20,20,0,20,20,0],"indexes":[0,1,2,2,1,3],"uv":[0,40,40,40,0,0,40,0],"nuv":[0,0,1,0,0,1,1,1],"minPos":{"x":-20,"y":-20,"z":0},"maxPos":{"x":20,"y":20,"z":0}},"packable":true,"pixelsToUnit":100,"pivot":{"x":0.5,"y":0.5},"meshType":0}],[0],0,[0],[2],[17]],[[[15,"swipeSound",".mp3",0.84],-1],0,0,[],[],[]],[[{"name":"home","rect":{"x":17,"y":25,"width":153,"height":152},"offset":{"x":-5.5,"y":-2},"originalSize":{"width":198,"height":198},"rotated":false,"capInsets":[0,0,0,0],"vertices":{"rawPosition":[-76.5,-76,0,76.5,-76,0,-76.5,76,0,76.5,76,0],"indexes":[0,1,2,2,1,3],"uv":[17,173,170,173,17,21,170,21],"nuv":[0.08585858585858586,0.10606060606060606,0.8585858585858586,0.10606060606060606,0.08585858585858586,0.8737373737373737,0.8585858585858586,0.8737373737373737],"minPos":{"x":-76.5,"y":-76,"z":0},"maxPos":{"x":76.5,"y":76,"z":0}},"packable":true,"pixelsToUnit":100,"pivot":{"x":0.5,"y":0.5},"meshType":0}],[0],0,[0],[2],[18]],[[[18,"Cell"],[19,"Cell",33554432,[-6],[[14,-2,[2,"e0s2Z74WtMHrzQoCdLur/C"]],[38,1,0,-3,[2,"94FtVGPRpBx7kWHoqOFsjZ"],0],[49,-5,[2,"02wZELtGBDZ4X2vREvQ1P4"],-4]],[9,"e2eRFgnp9BeL63il8u7lN2",null,null,null,-1,0]],[32,"Label",512,33554432,1,[[[14,-7,[2,"2byrpofANEBbx5XkEoRahW"]],-8,[50,45,100,40,-9,[2,"01qpI+z5NIirtM7PRsMs4f"]]],4,1,4],[9,"87s4HDenNFhrJU7qJD92EP",null,null,null,1,0]],[44,"0",40,1,false,false,2,[2,"6fqbn91AlMlI1ksSJIP+il"],[4,4278190080]]],0,[0,7,1,0,0,1,0,0,1,0,9,3,0,0,1,0,-1,2,0,0,2,0,-2,3,0,0,2,0,8,1,9],[0,3],[1,5],[4,0]],[[[15,"loseSound",".mp3",2.533875],-1],0,0,[],[],[]],[[[54,"Game"],[27,"Canvas",33554432,"beI88Z2HpFELqR4T5EMHpg",[-5,-6,-7,-8,-9,-10,-11,-12,-13,-14,-15,-16],[[0,-1,[5,600,960]],[55,-3,-2],[51,45,5.684341886080802e-14,5.684341886080802e-14,-4]],[1,300,480.00000000000006,0]],[28,"@Controller","087r6EmCpHe4CBLHgrVv3I",[[56,-21,-20,-19,-18,-17]]],[21,"CheatButton",33554432,1,[-26],[[[1,-22],[39,1,0,-23,[4,4292269782],16],-24,[16,36,139.106,17.20999999999998,-25]],4,4,1,4],[1,110.894,-412.79,0]],[57,"Game",[[1,[29,"---------------------------------------------------",false,"e9encDuNxGGJwJBtyrfUr7",-27],-28,-29,2],1,4,1,1,1],[42,null,null,"e237de4c-4ec9-44f6-af2a-f0a2540a62a2",null,null,null],[58,[59,[2,0,0,0,0.520833125],[2,0,0,0,0]],[60,[4,4283190348],[0,512,512]],[61],[62],[63],[64]]],[33,"Mute",33554432,[[[1,-30],[3,0,-31,3],-32,[10,33,-120,-412.79,-33]],4,4,1,4],[1,120,412.79,0]],[34,"Unmute",false,33554432,[[[1,-34],[3,0,-35,2],-36,[10,33,-120,-412.79,-37]],4,4,1,4],[1,120,412.79,0]],[12,"SoundContainer",33554432,1,[-39,-40,-41,-42],[[1,-38]]],[13,"WinBoard",false,33554432,[-46],[[0,-43,[5,350,350]],[40,-44,12],[17,18,-45]]],[13,"FailedBoard",false,33554432,[-50],[[0,-47,[5,350,350]],[23,0,-48,[4,4286297067],5],[17,18,-49]]],[13,"ButtonBoard",false,33554432,[-52,-53,-54],[[0,-51,[5,186.6,100]]]],[7,"Restart",33554432,10,[[0,-55,[5,65,65]],[3,0,-56,6],[65,1,-58,[[4,"1e36cAXN8FD16/gAkKyIGpX","onRestartBtnClick",2]],-57,7],[10,33,145.99900000000002,81.36099999999999,-59]],[1,-85.19900000000003,-63.86099999999999,0]],[5,"Home",33554432,1,[[[1,-60],[3,0,-61,1],-62,[24,12,30,17.20999999999998,-63]],4,4,1,4],[1,-220,-412.79,0]],[21,"Clock",33554432,1,[-67],[[[1,-64],-65,[52,9,30,17.20999999999998,842.79,100,-66]],4,1,4],[1,-220,412.79,0]],[12,"ScoreBoard",33554432,1,[9,8,10],[[0,-68,[5,279,276]]]],[7,"ChooseLevel",33554432,10,[[0,-69,[5,65,65]],[3,0,-70,8],[16,36,65.455,-46.361000000000004,-71],[25,1,-72,[[4,"1e36cAXN8FD16/gAkKyIGpX","onBackLevelClick",2]],9]],[1,-4.655000000000001,-63.861000000000004,0]],[7,"Home",33554432,10,[[0,-73,[5,65,65]],[3,0,-74,10],[25,1,-75,[[4,"1e36cAXN8FD16/gAkKyIGpX","onHomeBtnClick",2]],11],[24,12,136.505,-46.361000000000004,-76]],[1,75.705,-63.861000000000004,0]],[30,"BackgroundBlur",false,33554432,1,[[0,-77,[5,600,960]],[23,0,-78,[4,4278190080],13],[67,100,-79]]],[5,"Restart",33554432,1,[[[1,-80],[3,0,-81,14],-82,[10,33,18.215000000000032,17.20999999999998,-83]],4,4,1,4],[1,231.78499999999997,412.79,0]],[5,"ChooseLevel",33554432,1,[[[1,-84],[3,0,-85,15],[16,36,30,17.20999999999998,-86],-87],4,4,4,1],[1,220,-412.79,0]],[20,"GridContain",33554432,1,[[1,-88]]],[12,"SoundSettings",33554432,1,[5,6],[[1,-89]]],[7,"Label",33554432,9,[[0,-90,[5,135.21,50.4]],[45,"Time Out !",30,30,false,-91,[4,4278190080],4],[53,16,35,-92]],[1,0,40,0]],[5,"Label",33554432,8,[[[0,-93,[5,0,50.4]],-94,[17,16,-95]],4,1,4],[1,0,40,0]],[68,0,480,0,1108344832,[4,4278190080]],[20,"Background",33554432,1,[[0,-96,[5,600,960]],[3,0,-97,0]]],[5,"Timer",33554432,13,[[[0,-98,[5,0,50.4]],-99],4,1],[1,110,0,0]],[8,"Swipe",33554432,7,[[[1,-100],-101],4,1]],[8,"ButtonSound",33554432,7,[[[1,-102],-103],4,1]],[8,"Victory",33554432,7,[[[1,-104],-105],4,1]],[8,"Lose",33554432,7,[[[1,-106],-107],4,1]],[31,"Label",512,33554432,3,[[0,-108,[5,100,40]],[46,"",20,20,1,false,-109,[4,4278190080]]]],[35,"Camera",1,[24],[1,0,0,1000]],[6,1,12,[[4,"1e36cAXN8FD16/gAkKyIGpX","onHomeBtnClick",2]]],[69,20,5,6,8,9,10,17,33],[22,"@View","4by3AmqRVD/YcBM4Qws8bX",4,[34]],[6,1,6,[[4,"1e36cAXN8FD16/gAkKyIGpX","onUnMuteBtnClick",2]]],[6,1,5,[[4,"1e36cAXN8FD16/gAkKyIGpX","onMuteBtnClick",2]]],[47,"",40,false,26,[4,4278190080]],[41,0,13],[11,false,27],[11,false,28],[11,false,29],[11,false,30],[48,"",25,30,false,23,[4,4278190080]],[6,1,18,[[4,"1e36cAXN8FD16/gAkKyIGpX","onRestartBtnClick",2]]],[6,1,19,[[4,"1e36cAXN8FD16/gAkKyIGpX","onBackLevelClick",2]]],[66,1,3,[[4,"1e36cAXN8FD16/gAkKyIGpX","onCheatBtnClick",2]],[4,4292269782],3],[70],[22,"@Model","b23jFrltVCE61tQoqq8wOg",4,[48]]],0,[0,0,1,0,10,24,0,0,1,0,0,1,0,-1,32,0,-2,25,0,-3,12,0,-4,18,0,-5,21,0,-6,13,0,-7,20,0,-8,19,0,-9,7,0,-10,17,0,-11,14,0,-12,3,0,11,24,0,12,48,0,13,20,0,14,34,0,0,2,0,0,3,0,0,3,0,-3,47,0,0,3,0,-1,31,0,3,4,0,-3,49,0,-4,35,0,0,5,0,0,5,0,-3,37,0,0,5,0,0,6,0,0,6,0,-3,36,0,0,6,0,0,7,0,-1,27,0,-2,28,0,-3,29,0,-4,30,0,0,8,0,0,8,0,0,8,0,-1,23,0,0,9,0,0,9,0,0,9,0,-1,22,0,0,10,0,-1,11,0,-2,15,0,-3,16,0,0,11,0,0,11,0,15,11,0,0,11,0,0,11,0,0,12,0,0,12,0,-3,33,0,0,12,0,0,13,0,-2,39,0,0,13,0,-1,26,0,0,14,0,0,15,0,0,15,0,0,15,0,0,15,0,0,16,0,0,16,0,0,16,0,0,16,0,0,17,0,0,17,0,0,17,0,0,18,0,0,18,0,-3,45,0,0,18,0,0,19,0,0,19,0,0,19,0,-4,46,0,0,20,0,0,21,0,0,22,0,0,22,0,0,22,0,0,23,0,-2,44,0,0,23,0,0,25,0,0,25,0,0,26,0,-2,38,0,0,27,0,-2,40,0,0,28,0,-2,41,0,0,29,0,-2,42,0,0,30,0,-2,43,0,0,31,0,0,31,0,16,4,1,3,4,2,3,4,5,3,21,6,3,21,8,3,14,9,3,14,10,3,14,24,0,32,34,17,47,34,18,39,34,19,36,34,20,37,34,21,46,34,22,45,34,23,44,34,24,43,34,25,42,34,26,41,34,27,40,34,28,38,34,0,35,48,0,49,109],[0,0,0,0,0,0,0,0,0,0,0,0,0,0,0,0,0,37,39,38,34,41,42,43,40,44,45,46,47,47,47,47,48,33],[1,1,1,1,5,1,1,4,1,4,1,4,1,1,1,1,1,4,1,5,29,6,6,6,6,5,4,4,4,30,31,32,33,4],[19,1,20,5,0,21,2,2,3,3,1,1,22,23,2,3,6,5,24,0,25,26,27,28,29,0,2,3,6,30,31,32,33,1]],[[[15,"victorySound",".mp3",3.36],-1],0,0,[],[],[]]]]
